datetime,ghi (w/m2),dni (w/m2),dhi (w/m2),wet bulb temp (c),dew point temp (c),energy (kwh),month_sin,month_cos,rolling_mean
1990-01,172981.0,145849.5,74035.0,5901.01375,4745.8,137058.993591,0.5,0.866025,137058.993591
1990-02,155488.0,158898.0,55075.5,5688.21212,4928.25,150066.089347,0.866025,0.5,143562.541469
1990-03,139421.0,140472.5,57015.0,5967.798815,5085.6,132721.066151,1.0,0.0,139948.716363
1990-04,119869.5,128504.0,52708.5,5326.82275,4515.7,121299.871796,0.866025,-0.5,135286.505221
1990-05,97552.0,98311.5,51020.5,5203.394365,4492.95,94399.582038,0.5,-0.866025,124621.652333
1990-06,104346.0,136066.5,39921.5,4354.458355,3498.0,131950.966,0.0,-1.0,120092.871496
1990-07,117468.5,147377.0,48126.0,4252.06679,3398.1,137995.846228,-0.5,-0.866025,121411.566516
1990-08,129951.0,135787.0,57422.5,4466.373115,3581.3,131431.26202,-0.866025,-0.5,123944.414072
1990-09,137592.5,132669.5,61650.0,4771.03054,4001.15,128996.623805,-1.0,-0.0,132593.674513
1990-10,145063.0,117591.0,71498.5,4743.020845,3983.7,111507.735187,-0.866025,0.5,127482.86681
1990-11,181360.0,179931.5,61772.5,5150.84467,4120.7,171337.066513,-0.5,0.866025,135818.171881
1990-12,188935.5,174643.0,70537.0,5871.73963,4861.55,152201.535564,-0.0,1.0,141010.740267
1991-01,184418.0,171466.0,70588.0,6043.164545,4835.45,162950.206985,0.5,0.866025,149499.136062
1991-02,145017.0,151982.5,51584.5,5251.13089,4016.4,144895.32077,0.866025,0.5,157846.032458
1991-03,151141.5,157345.0,55765.5,5777.598425,4708.0,151125.895346,1.0,0.0,152793.239666
1991-04,118822.5,129232.0,56272.0,5610.050385,4525.1,124750.297691,0.866025,-0.5,145930.430198
1991-05,108236.0,129824.0,47341.0,5134.787985,4215.05,125551.796477,0.5,-0.866025,136580.827571
1991-06,102829.5,111458.5,48181.5,4721.86836,3981.3,105934.783793,0.0,-1.0,126840.693327
1991-07,114037.5,138892.0,48452.0,4763.77287,3986.1,133335.532725,-0.5,-0.866025,122393.102672
1991-08,125446.5,140124.5,52446.0,4554.065125,3562.3,135566.868098,-0.866025,-0.5,125097.245273
1991-09,130766.5,119231.0,61584.5,4644.804085,3718.3,116895.317876,-1.0,-0.0,122933.125623
1991-10,164115.5,157784.5,64836.5,5067.52756,4029.65,153385.644885,-0.866025,0.5,134795.840896
1991-11,180412.0,184214.0,61170.0,5288.801465,4194.6,178438.811746,-0.5,0.866025,146071.660651
1991-12,197340.0,197034.0,63231.5,6040.061655,4903.1,178473.264838,-0.0,1.0,156798.259837
1992-01,188854.0,181566.5,68018.0,6131.23034,5009.6,172425.358199,0.5,0.866025,170680.769917
1992-02,144323.0,127467.5,64912.0,5436.666775,4263.55,120803.923314,0.866025,0.5,162535.339525
1992-03,124862.0,114733.0,62837.0,5789.220275,4760.2,109405.014805,1.0,0.0,145276.890289
1992-04,137718.5,175158.5,49242.0,5229.065245,3991.7,169447.207761,0.866025,-0.5,143020.37602
1992-05,107359.0,126222.0,42174.5,5048.104645,4189.05,124371.10635,0.5,-0.866025,131006.813058
1992-06,109006.0,145658.0,42793.5,4703.361265,3856.3,142651.923386,0.0,-1.0,136468.813075
1992-07,108792.0,139577.0,46273.0,4833.119345,3976.35,135393.736691,-0.5,-0.866025,142965.993547
1992-08,121220.5,119141.0,60900.5,4477.799095,3661.6,112728.96409,-0.866025,-0.5,128786.432629
1992-09,126285.5,100828.5,70294.0,4316.37859,3432.65,97618.3536,-1.0,-0.0,122098.244442
1992-10,146852.0,134532.0,65352.5,4922.4998,4039.45,131147.213371,-0.866025,0.5,119222.066938
1992-11,163146.5,154915.5,60534.0,5022.696445,4159.15,150104.198491,-0.5,0.866025,122899.682388
1992-12,201100.5,204006.0,61600.0,5731.724645,4633.25,183364.102354,-0.0,1.0,140558.466954
1993-01,187361.0,193244.0,54065.0,5759.114475,4493.55,186853.593659,0.5,0.866025,162867.276969
1993-02,153351.0,165521.0,50140.5,4939.169025,3748.05,160264.188093,0.866025,0.5,170146.520649
1993-03,138701.5,137417.5,60025.0,5357.341735,4278.4,131975.294908,1.0,0.0,165614.294753
1993-04,117355.5,126607.5,54504.0,5252.37757,4304.0,121808.03075,0.866025,-0.5,150225.276852
1993-05,106721.5,132426.0,47045.0,5069.016985,4237.5,129946.332034,0.5,-0.866025,135998.461446
1993-06,101185.5,122015.5,45537.0,4464.24141,3727.75,117751.522991,0.0,-1.0,125370.295171
1993-07,113861.0,137599.5,49152.0,4287.051445,3331.7,129702.83916,-0.5,-0.866025,124802.181234
1993-08,120772.0,119410.0,59354.0,4504.07433,3487.25,114698.464859,-0.866025,-0.5,123024.789761
1993-09,136717.5,142973.0,55900.0,4553.44184,3549.2,141687.355061,-1.0,-0.0,125960.045518
1993-10,146777.0,120336.5,75561.5,4665.622815,3694.55,114060.88461,-0.866025,0.5,125037.385922
1993-11,171400.0,150717.0,69884.5,5237.74472,4259.2,144289.169849,-0.5,0.866025,128683.968595
1993-12,195511.5,188849.0,64781.5,5429.247795,3973.8,169177.927733,-0.0,1.0,142303.834313
1994-01,203163.0,204739.5,64099.0,5721.125945,4283.05,194311.002202,0.5,0.866025,155459.746098
1994-02,144104.0,127756.5,64066.5,4954.39599,3713.45,119898.515365,0.866025,0.5,156919.153787
1994-03,143632.5,151346.5,58268.0,5976.7893,4829.3,145615.851705,1.0,0.0,157250.824251
1994-04,124006.0,137115.0,53353.5,5643.774815,4525.2,132557.818572,0.866025,-0.5,148095.796961
1994-05,113739.0,135776.5,46898.5,5101.10206,4139.9,129889.020813,0.5,-0.866025,131990.301614
1994-06,108223.5,148863.0,38246.0,4548.710845,3487.9,147704.429203,0.0,-1.0,138941.780073
1994-07,124304.5,170352.0,43789.5,4563.57612,3529.05,165963.695088,-0.5,-0.866025,144028.740919
1994-08,138963.5,149133.0,54032.5,4877.499415,3734.25,147091.385904,-0.866025,-0.5,147662.132752
1994-09,133589.0,118825.0,65049.0,4650.87771,3513.45,114607.873301,-1.0,-0.0,143841.845874
1994-10,157458.0,158289.0,64963.5,4703.82109,3651.05,154715.016531,-0.866025,0.5,145594.492706
1994-11,165458.5,148935.5,68023.0,5151.30789,3967.0,141825.562583,-0.5,0.866025,139559.95958
1994-12,205488.5,214289.5,60903.0,5715.038355,4118.55,195052.603445,-0.0,1.0,151550.263965
1995-01,166312.5,146973.0,73356.5,5880.66713,4702.45,137614.031267,0.5,0.866025,157301.803456
1995-02,146780.5,138048.5,58913.5,5357.36814,4241.25,129346.536531,0.866025,0.5,150959.683456
1995-03,134944.5,126303.0,61686.5,5811.81643,4663.9,119698.966396,1.0,0.0,145428.03441
1995-04,116628.5,132865.0,52882.0,4789.210075,3611.55,129693.484335,0.866025,-0.5,129088.254632
1995-05,106051.0,132863.0,44755.0,4646.17194,3441.65,128268.0503,0.5,-0.866025,126751.759391
1995-06,107597.5,141369.5,42199.0,4396.57564,3470.65,138127.368255,0.0,-1.0,128946.967322
1995-07,108495.0,134857.0,46716.5,4432.072855,3446.4,128469.552164,-0.5,-0.866025,131139.613764
1995-08,127649.5,146717.5,52836.5,4579.93628,3436.1,142891.530766,-0.866025,-0.5,134439.125371
1995-09,125449.0,100800.5,66403.0,4356.870495,3291.7,96532.907045,-1.0,-0.0,126505.339558
1995-10,149654.5,132782.0,65338.0,5025.24711,3819.95,127730.333299,-0.866025,0.5,123906.080819
1995-11,187412.5,191480.5,60327.0,5024.76159,3746.45,183554.786001,-0.5,0.866025,137677.389278
1995-12,152346.0,104562.5,81960.0,5796.15546,4886.5,93528.459043,-0.0,1.0,125336.621347
1996-01,180965.0,158305.5,75092.0,5543.910935,4335.75,151180.197354,0.5,0.866025,138998.443924
1996-02,138849.5,124911.5,60565.0,5339.3129,4332.45,119149.944977,0.866025,0.5,136853.346844
1996-03,139225.5,131236.5,62671.0,5319.536125,4018.65,125040.010572,1.0,0.0,122224.652986
1996-04,121917.5,137796.0,54665.5,5220.651385,4079.25,134887.97599,0.866025,-0.5,132564.532223
1996-05,113926.5,153257.0,43142.5,4651.995535,3183.55,151067.323875,0.5,-0.866025,132536.313853
1996-06,100122.5,109972.0,49187.0,4416.596945,3505.8,104920.283396,0.0,-1.0,128978.898458
1996-07,108431.0,118054.0,49001.0,4597.964795,3599.0,111900.210057,-0.5,-0.866025,125693.94833
1996-08,134078.5,155479.0,53863.0,4609.87358,3421.9,149481.006033,-0.866025,-0.5,129342.20584
1996-09,135698.5,130656.0,61248.0,4549.246695,3330.7,126353.064045,-1.0,-0.0,123163.640883
1996-10,144814.0,130611.0,64259.5,4981.37544,3875.1,129426.120077,-0.866025,0.5,129290.100053
1996-11,176123.0,166558.0,70403.5,5200.73136,3942.9,162779.391901,-0.5,0.866025,142009.895514
1996-12,173085.5,144966.5,77785.5,5328.36297,3953.45,131378.962442,-0.0,1.0,137484.384616
1997-01,195852.5,189902.5,67212.5,5682.193995,4297.35,181561.1534,0.5,0.866025,151286.406955
1997-02,134386.5,105539.5,66567.0,5600.95789,4672.5,99703.556514,0.866025,0.5,143855.766064
1997-03,128340.5,98106.5,70164.0,5653.28505,4584.3,92652.365877,1.0,0.0,126324.009558
1997-04,114425.0,107010.5,59954.5,5483.09132,4588.4,101846.075718,0.866025,-0.5,118940.787877
1997-05,101037.5,102161.0,53403.0,5133.8568,4188.6,95681.320339,0.5,-0.866025,97470.829612
1997-06,102486.5,118957.0,44097.0,4595.26892,3569.95,113275.832683,0.0,-1.0,100863.898654
1997-07,113091.5,146511.5,48376.5,4292.59865,3030.3,143446.68802,-0.5,-0.866025,113562.47919
1997-08,131501.5,138340.0,56703.5,4586.4444,3517.55,129499.256323,-0.866025,-0.5,120475.774341
1997-09,150435.0,148517.0,58118.0,4934.80886,3938.0,143593.496516,-1.0,-0.0,132453.818385
1997-10,166770.5,170294.0,59939.5,4780.924925,3542.55,164876.395779,-0.866025,0.5,145353.959159
1997-11,169047.0,148653.0,72662.5,5256.396055,4056.85,142366.9273,-0.5,0.866025,145084.018979
1997-12,196471.5,193522.0,63611.0,5665.398565,4377.25,173733.919367,-0.0,1.0,156142.68474
1998-01,206657.5,216551.5,61345.0,5721.98942,4336.7,205728.482887,0.5,0.866025,171676.431333
1998-02,165887.5,176083.0,51841.5,5200.62981,3948.0,168197.073661,0.866025,0.5,172506.600804
1998-03,151633.0,159348.0,59258.0,5767.834905,4606.55,152690.13931,1.0,0.0,175087.403806
1998-04,110862.0,94318.0,60133.0,5278.691915,4361.3,87486.567787,0.866025,-0.5,153525.565911
1998-05,108889.0,118018.5,50267.0,5109.349935,4121.0,111731.392149,0.5,-0.866025,130026.293227
1998-06,98273.0,103403.0,45958.5,4220.54931,3149.8,97811.681732,0.0,-1.0,112429.945245
1998-07,114103.5,135293.0,44966.0,4415.75753,3257.5,129944.365927,-0.5,-0.866025,106743.501899
1998-08,118219.0,121326.5,53969.0,5103.715275,4179.45,116198.235547,-0.866025,-0.5,113921.418839
1998-09,138176.0,138541.5,54068.0,4655.76209,3518.4,134010.549812,-1.0,-0.0,119491.208255
1998-10,145001.5,130764.5,62377.5,4949.49632,3986.5,127109.521475,-0.866025,0.5,126815.66819
1998-11,151525.5,118406.5,74739.5,5258.907675,4302.5,113045.843502,-0.5,0.866025,122591.037584
1998-12,188357.0,161169.5,76100.5,5567.623415,4315.25,144362.043679,-0.0,1.0,129631.989617
1999-01,168359.0,152181.5,66910.5,6072.617305,4915.9,145392.39932,0.5,0.866025,132477.451994
1999-02,149883.0,142142.0,59175.5,5389.290775,4292.4,136066.720129,0.866025,0.5,134716.751658
1999-03,122295.5,83556.5,71150.0,5950.16178,4968.25,77593.913482,1.0,0.0,125853.769153
1999-04,123759.5,132017.5,55895.5,5599.584905,4397.05,126131.607135,0.866025,-0.5,121296.160017
1999-05,91934.5,92190.0,51577.5,5332.60003,4422.2,88288.983459,0.5,-0.866025,107020.306052
1999-06,92789.0,91735.0,50747.5,4531.81802,3646.1,87087.394419,0.0,-1.0,94775.474624
1999-07,107343.0,116715.5,52647.5,4594.766505,3510.6,110889.840243,-0.5,-0.866025,103099.456314
1999-08,120183.5,113216.5,62274.5,4759.055305,3554.35,108235.812527,-0.866025,-0.5,98625.507662
1999-09,130714.0,116347.0,61472.5,4602.75488,3517.85,114295.765899,-1.0,-0.0,105127.203272
1999-10,153693.5,129823.5,71277.5,4604.77895,3353.4,123747.854009,-0.866025,0.5,114292.318169
1999-11,172412.5,154552.5,67667.0,5297.451245,4148.2,147436.942619,-0.5,0.866025,123429.093763
1999-12,176857.5,142435.5,79547.5,5864.48896,4649.9,125296.322654,-0.0,1.0,127694.221295
2000-01,177754.0,163998.0,72002.0,6022.711955,4850.9,155187.849786,0.5,0.866025,137917.242267
2000-02,146898.0,128369.5,61367.5,5319.029025,4229.15,121731.968809,0.866025,0.5,137413.270967
2000-03,148223.0,149172.0,62463.5,5613.96256,4495.35,144088.632502,1.0,0.0,136576.193438
2000-04,117988.5,119875.0,57734.0,5275.46343,4194.35,113664.56978,0.866025,-0.5,133668.255219
2000-05,109338.0,116298.0,47787.0,4903.906735,3672.95,109975.082727,0.5,-0.866025,122365.063454
2000-06,105760.0,122829.0,47181.5,4576.18415,3512.05,117720.166679,0.0,-1.0,121362.112922
2000-07,118451.5,136169.0,50137.5,4455.54258,3238.5,129482.181472,-0.5,-0.866025,117710.500164
2000-08,113530.0,100609.5,63000.5,4589.913495,3563.85,93304.992868,-0.866025,-0.5,112620.605936
2000-09,129660.0,106531.5,67895.5,4860.68985,3834.4,103451.61238,-1.0,-0.0,110989.73835
2000-10,159810.0,145900.0,64364.5,4931.55698,3587.1,141248.768038,-0.866025,0.5,116871.88869
2000-11,171996.5,159249.0,67468.5,5517.877585,4297.45,154044.719861,-0.5,0.866025,123012.523287
2000-12,201328.5,193476.0,70197.0,5769.136225,4386.55,172375.896547,-0.0,1.0,142780.249206
2001-01,175450.5,142536.0,77984.0,5804.88572,4538.7,131909.433579,0.5,0.866025,149894.704506
2001-02,142892.0,124891.5,61036.0,5261.03934,3996.75,118160.335282,0.866025,0.5,144122.596317
2001-03,135387.0,118432.0,64839.5,5342.114635,4204.5,113742.961465,1.0,0.0,134047.156718
2001-04,123161.0,124002.0,55878.5,5190.73234,3871.1,118512.566704,0.866025,-0.5,120581.324257
2001-05,108645.5,109875.5,50655.5,5214.384495,4206.35,104607.595198,0.5,-0.866025,113755.864662
2001-06,89798.0,76426.5,52306.0,4912.961825,3936.15,71089.911933,0.0,-1.0,101988.258825
2001-07,96266.5,90575.0,51391.5,4558.88498,3458.3,95013.045911,-0.5,-0.866025,97305.779937
2001-08,109304.5,82772.0,64062.5,4648.79712,3743.4,75093.842132,-0.866025,-0.5,86451.098794
2001-09,123750.0,89971.5,67408.0,4635.52185,3676.95,86247.518288,-1.0,-0.0,81861.079566
2001-10,153777.0,129242.5,70549.5,4563.554945,3539.2,126371.869971,-0.866025,0.5,95681.569076
2001-11,152266.0,124159.0,70695.5,5102.01264,4085.8,120069.228399,-0.5,0.866025,101945.614698
2001-12,181732.5,148173.5,81009.5,5307.385195,4122.75,133702.43292,-0.0,1.0,116597.762395
2002-01,178633.0,150044.5,76968.0,5589.58971,4332.8,141670.584096,0.5,0.866025,130453.528847
2002-02,124018.5,88660.0,70042.5,4828.411815,3581.1,84756.12707,0.866025,0.5,120049.593121
2002-03,137066.5,123720.5,65601.5,5811.60261,4573.05,120554.120295,1.0,0.0,120170.816095
2002-04,114006.5,103831.0,59140.5,5513.087765,4600.1,97603.445713,0.866025,-0.5,111146.069293
2002-05,113842.5,140337.5,45069.0,5010.74695,3988.15,136132.599299,0.5,-0.866025,109761.573094
2002-06,101449.5,106206.5,45253.0,4474.63962,3436.05,110802.699284,0.0,-1.0,116273.216148
2002-07,110887.5,117908.5,50475.0,4534.661235,3452.75,119935.708898,-0.5,-0.866025,116118.613298
2002-08,120036.5,117642.5,56917.0,4707.617665,3664.05,111366.458818,-0.866025,-0.5,119559.366575
2002-09,146211.5,144114.0,57718.0,4485.21078,3367.35,140245.758229,-1.0,-0.0,120587.656307
2002-10,162775.5,150187.5,64317.0,5093.889935,4032.65,143538.436086,-0.866025,0.5,128771.590508
2002-11,176966.0,170311.0,67477.5,4932.48974,3530.75,166774.140977,-0.5,0.866025,140481.198528
2002-12,185152.0,163804.0,75135.5,5838.997445,4576.3,149670.259383,-0.0,1.0,150057.148669
2003-01,201488.0,204242.0,65494.5,5777.22413,4218.9,194698.030354,0.5,0.866025,163670.2167
2003-02,126995.0,103750.5,65607.0,5649.92222,4799.6,98924.86826,0.866025,0.5,152516.824744
2003-03,148595.0,159403.5,57661.0,5869.502765,4661.55,152284.365622,1.0,0.0,148894.380905
2003-04,116149.5,109408.0,56852.5,5692.38409,4645.2,102773.662539,0.866025,-0.5,137170.231694
2003-05,111679.5,115768.0,49081.0,5166.126115,4053.6,115042.934356,0.5,-0.866025,117256.457694
2003-06,99397.0,119252.0,44384.5,4550.755645,3568.95,117546.424455,0.0,-1.0,121911.846743
2003-07,105987.5,113604.5,50532.5,4517.92984,3585.2,108325.566613,-0.5,-0.866025,110922.146991
2003-08,113713.5,97699.5,63193.0,4615.26038,3608.25,91160.681837,-0.866025,-0.5,108018.901815
2003-09,130778.0,118138.0,60874.0,4665.02973,3720.15,114173.304833,-1.0,-0.0,107801.494435
2003-10,141339.5,110877.5,73367.5,4924.55077,3964.0,106437.30047,-0.866025,0.5,105024.213439
2003-11,159182.0,129845.5,72551.0,5288.00363,4245.85,122653.540914,-0.5,0.866025,108606.207014
2003-12,186025.0,169758.0,67355.5,5636.42939,4341.65,150591.101257,-0.0,1.0,123463.811869
2004-01,148291.0,103205.5,77730.5,5600.633335,4531.45,97661.583134,0.5,0.866025,119335.881444
2004-02,144200.0,131551.5,62755.0,5380.41748,4353.9,125752.858407,0.866025,0.5,124164.770928
2004-03,151600.0,150123.5,59572.5,5803.350195,4572.2,143551.961318,1.0,0.0,129389.376029
2004-04,108935.0,92746.5,60757.5,5463.21545,4390.55,85658.751554,0.866025,-0.5,113156.288603
2004-05,100276.5,98726.5,54049.0,4720.33843,3639.85,92673.089647,0.5,-0.866025,111909.165231
2004-06,101133.5,105335.0,49921.5,4586.98396,3582.5,100180.433632,0.0,-1.0,105516.059038
2004-07,111037.5,119608.0,51586.0,4306.348125,3249.7,113434.368303,-0.5,-0.866025,97986.660784
2004-08,118805.0,101434.5,65735.5,4445.61001,3420.75,92508.464874,-0.866025,-0.5,99699.089114
2004-09,130357.0,102600.5,69160.5,4625.668745,3483.05,98609.177167,-1.0,-0.0,101183.110994
2004-10,156128.5,135180.5,71177.5,4783.820035,3541.05,127421.764779,-0.866025,0.5,107993.443781
2004-11,182486.5,170091.0,68896.0,5348.98242,3932.05,161353.672826,-0.5,0.866025,119973.269912
2004-12,193425.5,175343.0,73251.0,5701.75609,4363.0,158132.454336,-0.0,1.0,136379.267277
2005-01,195123.5,180050.0,69057.0,5548.664125,4039.85,170318.326021,0.5,0.866025,154306.55449
2005-02,138884.0,110813.5,67423.0,5193.408275,4167.05,104083.461593,0.866025,0.5,148471.978694
2005-03,134923.5,114480.5,63316.5,6222.46359,5118.8,107924.234881,1.0,0.0,135114.619208
2005-04,123008.5,129977.0,55438.0,5117.17851,4114.55,126127.348953,0.866025,-0.5,127113.342862
2005-05,107991.0,119844.5,51097.5,5479.62881,4575.85,115341.901686,0.5,-0.866025,113369.236778
2005-06,104642.0,112000.0,48866.0,4330.291175,3377.35,107447.591485,0.0,-1.0,114210.269251
2005-07,113830.5,126545.0,54316.5,4714.52243,3662.45,121372.517893,-0.5,-0.866025,117572.340004
2005-08,116877.5,100348.5,66766.5,4571.559195,3605.45,93842.573086,-0.866025,-0.5,109501.146037
2005-09,141454.0,133811.0,63078.5,4363.43096,3275.0,130454.989649,-1.0,-0.0,113279.418028
2005-10,157046.5,136374.0,69492.0,4609.269395,3546.15,130352.218576,-0.866025,0.5,119005.574801
2005-11,168445.0,132055.5,81060.0,4908.29731,3841.1,125450.507712,-0.5,0.866025,120025.072256
2005-12,209927.0,204794.5,69726.0,5432.735775,4277.0,184935.009964,-0.0,1.0,142798.181475
2006-01,167983.0,137189.5,79371.5,5562.82633,4467.8,130516.516667,0.5,0.866025,142813.56323
2006-02,164852.5,175155.0,54120.5,5460.83279,4442.85,169720.492172,0.866025,0.5,152655.631629
2006-03,150577.0,158131.0,59966.5,5718.00707,4647.75,151852.87324,1.0,0.0,159256.223011
2006-04,113132.0,102458.5,60943.0,5056.23115,4128.2,97816.672373,0.866025,-0.5,137476.638613
2006-05,109735.5,130178.0,48024.5,4913.85648,3829.4,125455.205942,0.5,-0.866025,136211.310932
2006-06,102993.5,133902.5,41519.0,4465.611225,3316.7,131346.139421,0.0,-1.0,126617.722744
2006-07,113484.0,139449.0,47983.5,4421.217235,3303.4,136838.244148,-0.5,-0.866025,122864.065471
2006-08,125052.5,134712.5,57821.0,4868.587195,3676.9,128459.658012,-0.866025,-0.5,130524.811881
2006-09,148840.5,147168.0,59768.0,4912.09042,3789.65,144594.001514,-1.0,-0.0,135309.510774
2006-10,150124.5,131054.5,69943.0,5034.51913,4003.0,125983.732956,-0.866025,0.5,133968.909158
2006-11,170671.0,153577.0,68501.5,5509.59793,4430.8,145391.511523,-0.5,0.866025,136107.226001
2006-12,194283.5,184410.5,70967.5,5857.913855,4517.15,166672.461038,-0.0,1.0,145660.426758
2007-01,186186.0,170505.0,71654.5,5955.05841,4759.8,162862.056146,0.5,0.866025,150227.440416
2007-02,142203.0,120777.5,65223.0,5306.74685,4236.4,114427.594355,0.866025,0.5,147338.405765
2007-03,150557.0,160242.5,59089.5,5541.276145,4211.45,156358.075271,1.0,0.0,150080.046703
2007-04,116772.0,122624.0,55927.0,5271.56005,4173.95,117622.514606,0.866025,-0.5,137817.560094
2007-05,101797.0,105396.5,52051.0,4823.76475,3633.45,100990.151635,0.5,-0.866025,122349.583967
2007-06,103288.0,131634.0,43636.0,4481.517565,3373.75,129914.833518,0.0,-1.0,126221.393758
2007-07,112175.5,138708.5,47862.5,4735.407675,3532.9,133419.089649,-0.5,-0.866025,120486.647352
2007-08,119843.5,116286.0,59848.5,4882.94886,3811.5,108654.77913,-0.866025,-0.5,118244.713483
2007-09,137540.0,122100.5,67159.5,4590.37343,3460.05,118338.043134,-1.0,-0.0,122581.686358
2007-10,161109.5,146423.5,69217.0,4639.65279,3476.75,143263.715527,-0.866025,0.5,125918.90686
2007-11,179013.0,174373.0,63352.5,5202.03947,3982.95,170191.949984,-0.5,0.866025,135112.121944
2007-12,179791.5,156448.0,77260.0,5660.764965,4430.25,143505.97155,-0.0,1.0,143824.920049
2008-01,177219.5,151563.0,77808.5,6038.329695,5036.35,143696.831908,0.5,0.866025,150164.617242
2008-02,140636.0,122392.0,65724.0,5327.72372,4187.85,114566.723195,0.866025,0.5,142990.369159
2008-03,142040.0,132228.0,67612.5,5547.80525,4256.55,128301.545057,1.0,0.0,132517.767927
2008-04,116552.0,118406.0,58754.0,5165.42369,4053.55,113201.647271,0.866025,-0.5,124941.686858
2008-05,97996.0,94824.5,55354.5,5210.647285,4384.4,90447.621661,0.5,-0.866025,111629.384296
2008-06,104030.5,138931.0,43235.5,4422.444465,3307.85,136605.642731,0.0,-1.0,117139.11418
2008-07,109824.0,129955.5,46839.0,4402.44366,3413.3,125004.491974,-0.5,-0.866025,116314.850909
2008-08,132214.0,150542.0,56157.5,4536.105825,3111.15,147659.051423,-0.866025,-0.5,124929.201947
2008-09,130190.5,108557.5,65882.5,4554.379895,3446.65,104453.415706,-1.0,-0.0,128430.650459
2008-10,141060.0,118528.5,67273.5,5166.52735,4218.15,114386.895559,-0.866025,0.5,122875.963666
2008-11,139582.0,90836.5,80105.0,5168.853735,4285.2,84112.791177,-0.5,0.866025,112653.038467
2008-12,208817.0,206959.0,65610.5,5728.655325,4572.55,185394.682387,-0.0,1.0,122086.946208
2009-01,182233.0,177995.0,67396.5,6058.007245,4785.7,170501.593225,0.5,0.866025,138598.990587
2009-02,141058.0,128786.0,59388.5,5204.42691,4098.55,122673.976572,0.866025,0.5,140670.76084
2009-03,140622.0,132011.0,63182.5,5506.51005,4285.0,125872.898967,1.0,0.0,151110.787788
2009-04,127739.0,137232.0,53828.0,5419.694865,4419.1,132176.880373,0.866025,-0.5,137806.337284
2009-05,112961.0,148789.5,42248.0,4969.3239,3789.6,146033.884476,0.5,-0.866025,131689.410097
2009-06,87850.0,83478.0,51148.0,4506.480545,3651.8,78045.112642,0.0,-1.0,120532.194115
2009-07,114655.5,128334.5,53516.5,4365.17669,3260.55,122574.918308,-0.5,-0.866025,119707.69895
2009-08,128516.0,134670.0,55988.5,4563.56229,3515.0,128385.412221,-0.866025,-0.5,118759.831912
2009-09,138532.0,124696.5,65153.5,4315.40975,3104.75,121207.145753,-1.0,-0.0,112553.147231
2009-10,159055.0,143092.5,65659.5,5271.065735,4199.1,138227.258618,-0.866025,0.5,127598.683725
2009-11,185662.0,174856.0,64617.5,5333.21313,4163.35,169292.457014,-0.5,0.866025,139278.068402
2009-12,191361.5,175344.5,70675.5,5741.1948,4354.05,158168.570425,-0.0,1.0,146723.857953
2010-01,185976.5,185134.5,62853.5,5885.016715,4509.45,178550.055826,0.5,0.866025,161059.585471
2010-02,150077.0,150112.5,55473.0,5653.54988,4582.55,142391.067908,0.866025,0.5,162100.537793
2010-03,130212.0,112943.0,63294.5,5911.17506,4731.5,108567.204335,1.0,0.0,146919.224624
2010-04,116810.5,120622.5,58763.0,5351.944395,4304.75,116032.363547,0.866025,-0.5,136385.172904
2010-05,100757.0,101321.0,54903.5,4949.77287,3929.15,97092.26239,0.5,-0.866025,116020.724545
2010-06,101817.0,124981.5,44182.0,4545.5011,3525.15,124995.161446,0.0,-1.0,111671.747929
2010-07,113050.5,133425.0,50960.0,4603.08058,3645.9,131848.938931,-0.5,-0.866025,117492.181578
2010-08,121581.5,115754.5,58121.5,4421.631195,3210.55,109341.352973,-0.866025,-0.5,115819.428935
2010-09,141302.0,131832.5,60175.5,4603.311125,3358.8,128759.285285,-1.0,-0.0,123736.184659
2010-10,157310.5,149843.5,65565.5,4691.66332,3336.3,146948.614099,-0.866025,0.5,129224.547822
2010-11,172985.0,161470.5,66047.0,5244.12709,3775.65,156599.444921,-0.5,0.866025,135412.174319
2010-12,164561.0,122662.0,79679.0,5562.414185,4218.3,108701.111707,-0.0,1.0,135252.114003
2011-01,179777.0,164981.5,68269.5,6204.40704,5032.7,157375.300609,0.5,0.866025,142406.117834
2011-02,141971.0,123517.0,59615.5,5838.70679,5005.9,115543.223485,0.866025,0.5,134554.77018
2011-03,147804.5,150514.5,59088.5,6216.75296,5172.75,143884.40117,1.0,0.0,131376.009243
2011-04,115340.0,116139.0,55663.5,5656.508455,4524.2,110122.47065,0.866025,-0.5,131731.348979
2011-05,94144.5,84649.0,53914.5,5342.35918,4234.6,80395.079295,0.5,-0.866025,112486.29365
2011-06,90705.0,86878.5,51421.5,4809.115675,3882.3,83365.172605,0.0,-1.0,104441.78093
2011-07,101648.5,109899.0,52044.0,4779.62663,3819.55,106806.171823,-0.5,-0.866025,95172.223593
2011-08,112515.5,97329.5,60266.5,4904.074295,3849.6,91807.135549,-0.866025,-0.5,90593.389818
2011-09,136652.5,123863.5,64088.5,4566.822925,3475.15,121343.72163,-1.0,-0.0,100830.550401
2011-10,158415.0,141877.5,69977.5,5048.983245,3941.2,137742.984284,-0.866025,0.5,114425.003321
2011-11,174565.5,156409.0,70510.5,5164.282,3774.1,150046.377035,-0.5,0.866025,125235.054624
2011-12,183670.5,164035.5,73962.5,6088.13057,4955.95,148920.103786,-0.0,1.0,139513.296684
2012-01,185536.0,175112.5,67002.5,6518.725515,5184.5,166568.932311,0.5,0.866025,150819.599354
2012-02,146650.0,134328.5,64860.5,5827.565065,4848.4,127416.37016,0.866025,0.5,148237.945823
2012-03,140887.5,138064.0,63343.5,5769.08927,4432.6,134208.967653,1.0,0.0,144278.593477
2012-04,110009.5,101995.0,56462.5,5356.43744,4276.5,96431.929949,0.866025,-0.5,131156.550018
2012-05,94938.5,93059.0,51893.0,5335.668395,4388.7,89765.772588,0.5,-0.866025,111955.760087
2012-06,93967.0,87998.5,49992.0,4621.22837,3670.85,83660.546917,0.0,-1.0,101016.804277
2012-07,102629.0,90758.0,57597.0,4661.639815,3833.55,85369.118707,-0.5,-0.866025,88806.84204
2012-08,122221.0,117001.0,59560.5,4806.869835,3815.8,110994.409884,-0.866025,-0.5,92447.462024
2012-09,138901.5,128691.5,62090.5,4932.581025,3956.65,124224.937994,-1.0,-0.0,101062.253376
2012-10,153608.5,128074.0,72595.0,5389.21662,4329.3,122529.880743,-0.866025,0.5,110779.586832
2012-11,183217.0,172707.5,70329.5,5780.49498,4660.8,168006.401729,-0.5,0.866025,131438.907588
2012-12,186831.0,168202.0,68773.0,6613.879175,5632.65,152209.630519,-0.0,1.0,141742.712746
2013-01,194121.5,186254.5,67637.5,6405.441245,5247.9,178209.737754,0.5,0.866025,155238.912686
2013-02,151049.0,144334.0,58513.0,6003.87665,5113.55,137639.596974,0.866025,0.5,159016.341744
2013-03,131085.5,109263.5,68805.0,6304.377375,5611.15,102499.15311,1.0,0.0,142639.529589
2013-04,117225.0,112769.0,59922.0,6126.381795,5498.4,108111.416201,0.866025,-0.5,131614.97601
2013-05,113540.5,138074.0,47731.5,5522.398435,4881.25,132510.636279,0.5,-0.866025,120190.200641
2013-06,96057.5,115601.0,47634.5,5167.9663,4582.95,115371.745161,0.0,-1.0,114623.237688
2013-07,97269.0,91272.0,55808.0,5072.606895,4285.9,87649.802867,-0.5,-0.866025,110910.900127
2013-08,117797.5,109290.0,58580.5,5120.92423,4268.7,104299.056414,-0.866025,-0.5,109957.81018
2013-09,136866.5,118434.5,64257.5,4772.561385,3789.85,115160.48008,-1.0,-0.0,105620.27113
2013-10,165997.0,173185.0,57756.0,5221.3511,4189.5,169066.507907,-0.866025,0.5,119043.961817
2013-11,166549.5,142779.0,71169.0,5455.46505,4357.7,137251.105131,-0.5,0.866025,131444.287383
2013-12,193873.0,180598.5,69340.5,6024.36435,4949.0,161912.287358,-0.0,1.0,145847.595119
2014-01,188211.0,176213.0,70442.5,6074.761485,4637.1,169697.393201,0.5,0.866025,159481.823399
2014-02,159338.5,156204.0,55548.0,5412.62444,4141.6,150019.683448,0.866025,0.5,154720.117284
2014-03,131681.5,105347.5,67729.0,5837.23779,4687.05,98063.639813,1.0,0.0,144923.250955
2014-04,116822.0,111878.0,60422.0,5361.34247,4226.4,106984.704384,0.866025,-0.5,131191.355211
2014-05,103172.5,109351.0,49278.5,5450.112885,4536.0,104001.754642,0.5,-0.866025,114767.445571
2014-06,95576.5,102959.5,45925.5,4722.674575,3615.35,99696.595906,0.0,-1.0,102186.673686
2014-07,110920.0,121752.0,49100.5,4803.36636,3775.15,116651.584834,-0.5,-0.866025,106833.659941
2014-08,119487.0,119046.0,56541.0,4839.913885,3568.2,113591.27408,-0.866025,-0.5,108485.302366
2014-09,136459.5,123206.5,61464.5,5009.462165,3884.7,119093.206367,-1.0,-0.0,112258.165297
2014-10,156151.5,144458.5,65165.5,5304.268295,4253.75,140814.288131,-0.866025,0.5,122537.588353
2014-11,162099.5,124846.5,80903.0,5344.630145,4164.15,118857.265099,-0.5,0.866025,123089.008419
2014-12,197533.0,195485.0,67036.0,5548.063855,4132.15,178447.518995,-0.0,1.0,139303.069648
